Workload,IPC,MPKI,WPKI,Write-Read-Ratio,Write RBHR,Write BLP
roms,0.6846744937377012,9.234907524947328,3.0622473928213414,0.3394180537078453,0.0,10.181374666982979
cactubssn,1.379374467732107,5.023387100238994,0.8001049639952766,0.1593092857658411,0.0,9.81793604922159
xz,1.7857480762422315,1.9184425009089088,1.3088524672786883,0.7735957787290381,0.0,7.261302368262482
exchange2,3.5173743645834157,0.00017999999235000032,0.0,0.0,0.0,nan
leela,2.8599993877447933,0.011057486613490318,5.999999790000007e-05,0.005458267000227428,0.0,1.2272727272727273
lbm,0.24579759579939875,37.79582324647022,28.382086293761333,0.7510090114452976,0.0,29.603983049060396
fotonik3d,0.410881770185921,18.189848402046287,9.814374631960952,0.5639336980892261,0.0,23.72091500358418
cam4,1.0079605133811964,5.709690650473383,3.7237924255241515,0.6827904840399832,0.0,15.493885637520023
imagick,3.4499997101448545,0.03907499444734894,0.0,0.0,0.0,nan
pop2,1.320617619961547,3.461522265522095,1.012642469620726,0.306350315609869,0.0,5.415020189908711
nab,3.1529997620558072,0.1675173018996345,0.006747499746968759,0.04058768684772474,0.0,1.3278670078143122
bwaves,0.6252328171058533,19.441520450297336,6.104169710051939,0.43900087650297787,0.0,24.551105989350745
wrf,0.3667334069206733,22.385769932997718,8.444359725558309,0.3800912940906403,0.0,21.750576753962317
gcc,0.28713741348423605,17.790875240571317,0.024347499634787505,0.0013686223064778035,0.0,2.106385454446478
omnetpp,0.49176233250386486,12.02337309075929,5.393324824716943,0.4865347247405996,0.0,17.962399414543206
mcf,0.6862963059333329,17.634774610571217,1.3017174642027698,0.07403190944535393,0.0,21.01630303719239
deepsjeng,2.5174998013310717,0.29708596305069823,0.04280249914395002,0.15369078717044138,0.0,1.1509425645266136
x264,3.1992499414016717,0.17571498861120582,0.00025999999220000024,0.0014811438988264784,0.0,1.3195488721804511
xalancbmk,1.6152494197020553,2.622985500353878,1.9096349283886902,0.794235080291303,0.0,13.409207545615052
perlbench,2.651998113669138,0.06057247969376965,0.0,0.0,0.0,nan

triangle,0.663070174320937,9.204713552882476,7.441782276746531,0.8123520527989686,0.0,18.09211128116508
pagerankdelta,0.38818739415878345,19.122201014613868,9.885849678709885,0.5527814791350623,0.0,24.156697557050492
components-shortcut,0.4139046285849511,33.13259043687773,0.4134199844967506,0.01248043046043738,0.0,22.08433005689195
mis,0.4147280090083486,19.536091514884795,10.631827074726917,0.5446386709207435,0.0,25.95145318831936
pagerank,0.3094855349556447,43.52188116788383,4.45008489987309,0.10230837776957283,0.0,27.685250742785996
bc,0.27824989216872564,29.769903746883084,25.56770897729164,0.8588439754399682,0.0,29.713189096790167
bfscc,0.3777619181078083,34.03980811428753,0.8386799643561015,0.024648733577558625,0.0,25.0146963310507
components,0.3997052293351993,36.28373598569483,0.09934999652275012,0.0027374057122507172,0.0,18.274925942788215
cf,0.3212245189872213,16.13467095066652,16.06136939769865,0.9969558507580113,0.0,25.175412332200146
bfs-bitvector,0.5722738438926953,15.950622726790257,0.5014674837023068,0.03151604185651887,0.0,14.73403641626739
radii,0.24046197957282558,39.82834244786336,14.046292148842696,0.35606940116069974,0.0,21.54234467052879
bfs,0.4061614792855747,29.04041302857743,1.7319449437117893,0.05976477225818891,0.0,20.430686788107906
bellmanford,0.3587999442411441,29.20690931834088,2.630347407937841,0.09045360789999285,0.0,23.714239776546346

scale,0.24996243060464562,41.69789505352425,20.86162343537824,0.5003038521594967,0.0,29.2428539027756
add,0.1791994549299393,62.73528339558919,20.90058426847955,0.33315420818375185,0.0,27.516115937273227
triad,0.20823718896369128,53.6612443469718,17.90738383602005,0.33371121257773695,0.0,28.496463532466663
copy,0.21507425817628384,50.162511226646046,25.093264811800513,0.500237502156109,0.0,29.51806406211165

charlie,0.8718277650402393,11.409878182676778,3.8183548663575797,0.34407243231772466,0.0,24.24058375234424
delta,0.5736288198993018,18.903948423019948,5.579517151280178,0.29906825215134697,0.0,26.148698322318424
merced,0.6342982755613461,15.431132727076523,6.0412198489695035,0.406593493495902,0.0,23.871192435033098
whiskey,0.8377883185554822,10.747252877921174,4.779992237100427,0.4719740295389063,0.0,23.2754823215829

